﻿Neuteich;Angela;1000;2001
Gobolewska;Ścibora;999;2001
Jajte;Wiwanna;998;2001
Dedińska;Pęcisława;997;2001
Chikusek;Karina;996;2001
Wożniszczuk;Lucylla;995;2001
Behrensdorf;Hipolita;994;2001
Lettkowski;Adriana;993;2001
Helfrycz;Ligia;992;2001
Nadbrzeżna;Boguwola;991;2001
Barkas;Marcelina;990;2001
Warchow;Sonia;989;2001
Jędrzeszczak;Natasza;988;2001
Kmiń;Miła;987;2001
Drażan;Szczęsna;986;2001
Kuschek;Ilza;985;2001
Szolnoki;Kamila;984;2001
Serowa;Lolita;983;2001
Burnaj;Melania;982;2001
Szmigiero;Eufemia;981;2001
Ripel;Radomiła;980;2001
Tarszakiewicz;Gerarda;979;2001
Dertecka;Dobromiła;978;2001
Marylkiewicz;Gryzelda;977;2001
Pacuszkie;Teofila;976;2001
Sewostjanik;Ksymena;975;2001
Tymuszkin;Wanda;974;2001
Płocidym;Manfreda;973;2001
Gołebski;Mina;972;2001
Curoł;Angelina;971;2001
Kozimor-Ledochowska;Gizela;970;2001
Jaseniak;Alina;969;2001
Sobalski;Klaudia;968;2001
Matauszek;Cyntia;967;2001
Krasielewicz;Trzebisława;966;2001
Gumuła;Cyntia;965;2001
Postuł;Larysa;964;2001
Drzak;Dezyderia;963;2001
Powaserys;Bernardyna;962;2001
Mendelka;Fryderyka;961;2001
Matylianes;Jurata;960;2001
Dołgusz;Bryda;959;2001
Borykała;Bożena;958;2001
Cybułko;Saba;957;2001
Żygewiec;Świętomira;956;2001
Doll;Ernestyna;955;2001
Szuicer;Waleriana;954;2001
Bizin;Budzisława;953;2001
Staigl;Benita;952;2001
Deniczyk;Danuta;951;2001
Habain;Amelia;950;2001
Tasel;Kaliksta;949;2001
Majstrek;Izyda;948;2001
Legiejko;Ita;947;2001
Krokoczyński;Ksawera;946;2001
Magierle;Eryka;945;2001
Kiegel;Daniela;944;2001
Sperro;Marcela;943;2001
Gwózdż;Ingrid;942;2001
Winogradowa;Teofila;941;2001
Hrysztofik;Sybilla;940;2001
Nowakińska;Eudoksja;939;2001
Scisław;Aurela;938;2001
Newogiński;Olimpia;937;2001
Koscik;Toma;936;2001
Wierażka;Jerosława;935;2001
Gawrylczak;Malwina;934;2001
Racznik;Feliksa;933;2001
Miękós;Dobisława;932;2001
Bażak;Konstancja;931;2001
Gieruzel;Zula;930;2001
Żadarko;Wisława;929;2001
Iliczka;Dobroniega;928;2001
Wascher;Dobrosława;927;2001
Proź;Cieszysława;926;2001
Olbrys;Margot;925;2001
Bartasz;Erwina;924;2001
Mirinkiewicz;Mieczysława;923;2001
Chodynke;Warwara;922;2001
Cejfik;Klotylda;921;2001
Wilińczyk;Jakobina;920;2001
Fodeński;Wszemiła;919;2001
Samofał;Klementyna;918;2001
Todos;Ludwina;917;2001
Semiuszko;Benigna;916;2001
Solenic;Galla;915;2001
Piskorż;Józefina;914;2001
Gowalla;Klementyna;913;2001
Magolan;Bożysława;912;2001
Piliwska;Liliana;911;2001
Tymborowski;Grażyna;910;2001
Duszeńko;Krzysztofa;909;2001
Berlak;Ariadna;908;2001
Kosiata;Ariela;907;2001
Strzabała;Klarysa;906;2001
Matarz;Eliza;905;2001
Schobińska;Rozanna;904;2001
Niemcy;Dobiesława;903;2001
Sepeto;Eugenia;902;2001
Śmidrowicz;Cezaryna;901;2001
Josiecki;Laura;900;2001
Gitek;Ilza;899;2001
Gałązko;Kamilla;898;2001
Reszpant;Cezaryna;897;2001
Wirchanowski;Szarlota;896;2001
Szczottok;Ida;895;2001
Szpinger;Nina;894;2001
Ciachowski;Ofelia;893;2001
Hawryłek;Modesta;892;2001
Schuller;Sybilla;891;2001
Bielarczyk;Juda;890;2001
Swirzyński;Adela;889;2001
Grajek;Bronisława;888;2001
Mrozielski;Ariadna;887;2001
Ślendak;Filipina;886;2001
Wyszkon;Dzierżysława;885;2001
Parketna;Berenika;884;2001
Materna;Dezyderia;883;2001
Przondo;Kira;882;2001
Brzoź;Miłosława;881;2001
Heitz;Godzisława;880;2001
Lamkiewicz;Sulimiera;879;2001
Drisen;Izyda;878;2001
Pryluk;Magdalena;877;2001
Beymo;Georgia;876;2001
Bomas;Aida;875;2001
Strzepski;Filomena;874;2001
Potrawek;Aida;873;2001
Niemoj;Kleopatra;872;2001
Wiła;Dobromira;871;2001
Śwat;Jagna;870;2001
Flemming;Bernadetta;869;2001
Szynkiewski;Pola;868;2001
Puderska;Kamelia;867;2001
Stojka;Melania;866;2001
Hamuczuk;Sieciesława;865;2001
Gogoń;Łucja;864;2001
Lebiediew;Domisława;863;2001
Mintek;Wacława;862;2001
Waloszek;Brygida;861;2001
Białocierkiewka;Ilza;860;2001
Roskal;Lubosza;859;2001
Kostow;Paulina;858;2001
Puzyrko;Petronela;857;2001
Berlenska;Wirginia;856;2001
Homeniuk;Wincentyna;855;2001
Talaczek;Żanna;854;2001
Tułodowicz;Aleksandra;853;2001
Kiekiela;Minodora;852;2001
Sałmonowicz;Helena;851;2001
Holicner;Innocenta;850;2001
Czupała;Cezaryna;849;2001
Plachetta;Ariadna;848;2001
Cyc;Oriana;847;2001
Sterla;Edmunda;846;2001
Hanuszkiewicz;Fortunata;845;2001
Humieniuk;Jolanta;844;2001
Bubałło;Liza;843;2001
Hesink;Odilla;842;2001
Promiczak;Joachima;841;2001
Waschelewski;Eleonora;840;2001
Szęszot;Diana;839;2001
Lemesz;Symforiana;838;2001
Kirszen;Olga;837;2001
Śliwosz;Emilia;836;2001
Ziemniarski;Wanda;835;2001
Sniegorska;Przybysława;834;2001
Wiclim;Marlena;833;2001
Hageman;Ulryka;832;2001
Fang;Blandyna;831;2001
Kuentzler;Weronika;830;2001
Kopytczańska;Mariola;829;2001
Buradczuk;Adriana;828;2001
Mosokiewicz;Teodozja;827;2001
Skowierska;Liliana;826;2001
Gnietecki;Tamara;825;2001
Krysztapiuk;Leonarda;824;2001
Kierdielewicz;Rachela;823;2001
Bombosz;Kallina;822;2001
Łapan;Felicjana;821;2001
Bakker;Rudolfina;820;2001
Burker;Saba;819;2001
Erlingowski;Julia;818;2001
Kierejewski;Ismena;817;2001
Giślinda;Ingrid;816;2001
Matwieszyn;Joachima;815;2001
Halesz;Eligia;814;2001
Klubko;Alfonsyna;813;2001
Oważana;Będzisława;812;2001
Baslaga;Tomisława;811;2001
Unuchowski;Kryspina;810;2001
Wawroń;Emiliana;809;2001
Edna;Klara;808;2001
Miękisz;Boguchwała;807;2001
Bołcz;Diana;806;2001
Szibelska;Ksenia;805;2001
Kryknicka;Przybysława;804;2001
Ryt;Nikita;803;2001
Głombiński;Eulalia;802;2001
Gancewski;Dobiesława;801;2001
Bonter;Leonarda;800;2001
Filusch;Henryka;799;2001
Nastainczyk;Zula;798;2001
Naziemkowski;Radomiła;797;2001
Werdenowski;Marina;796;2001
Abelak;Aleksandra;795;2001
Fytter;Wanda;794;2001
Musiej;Geraldyna;793;2001
Daczów;Izabela;792;2001
Toballa;Milenia;791;2001
Ustymczuk;Ingrid;790;2001
Słodwiński;Nadia;789;2001
Budnikiewicz;Sulimiera;788;2001
Petraszkiewicz;Prakseda;787;2001
Szymoniek;Swietłana;786;2001
Nisiobęcki;Miła;785;2001
Kuśmienik;Julianna;784;2001
Jurenberg;Krzysztofa;783;2001
Turemski;Georgina;782;2001
Czyznacka;Kaja;781;2001
Koszarewski;Heloiza;780;2001
Wircz;Hermina;779;2001
Horna;Liwia;778;2001
Ahejczyk;Mirella;777;2001
Ganin;Cezaryna;776;2001
Pietrzaszewski;Wilhelmina;775;2001
Georgiczuk;Lolita;774;2001
Żagulak;Stefania;773;2001
Kosztubajda;Manuela;772;2001
Boreń;Wszemiła;771;2001
Szamrak;Ciechosława;770;2001
Giotka;Narcyza;769;2001
Piołka;Izabella;768;2001
Drożdzioł;Lukrecja;767;2001
Jakubiaczyk;Cyriaka;766;2001
Salaser;Dagna;765;2001
Nachacz;Rachela;764;2001
Diłowska;Lucja;763;2001
Fraatz;Lucylla;762;2001
Szałkoplast;Jakobina;761;2001
Saldzwedl;Adriana;760;2001
Stróziński;Norberta;759;2001
Szczeciniak;Bronisława;758;2001
Masłonik;Gracjana;757;2001
Bernadetta;Isaura;756;2001
Krezymon;Atanazja;755;2001
Stermlewska;Domosława;754;2001
Furmanczak;Milena;753;2001
Nowodworski;Świętochna;752;2001
Gigielis;Emiliana;751;2001
Fibak;Bernadeta;750;2001
Gałużka;Maryla;749;2001
Nincer;Dobromiła;748;2001
Pniewski;Januaria;747;2001
Kallenberger;Dobiesława;746;2001
Grąbowiec;Wiesława;745;2001
Gieżak;Georgina;744;2001
Dawoudi;Beatrice;743;2001
Mirzyński;Feliksa;742;2001
Pietreszczuk;Żegota;741;2001
Nastek;Georgina;740;2001
Nink;Ksymena;739;2001
Zabłuda;Edwarda;738;2001
Kuchaj;Oriana;737;2001
Lucendarski;Nimfa;736;2001
Zarolska;Oriana;735;2001
Falana;Maria Magdalena;734;2001
Ługowaja;Kamelia;733;2001
Micinowski;Dalida;732;2001
Tamberg;Boguwola;731;2001
Kartynicz;Diana;730;2001
Semeracka;Leonida;729;2001
Błażkowski;Anna;728;2001
Began;Pola;727;2001
Kobyłło;Carmen;726;2001
Domżałł;Alojza;725;2001
Ristan;Magdalena;724;2001
Kohutow;Kira;723;2001
Ginela;Jarema;722;2001
Rozporski;Czesława;721;2001
Mucius;Samanta;720;2001
Bodziszewski;Klementyna;719;2001
Jasionowicz;Emiliana;718;2001
Szozerbowska;Cezaryna;717;2001
Kożba;Leonarda;716;2001
Tymkiw;Sandra;715;2001
Ruszelak;Gracjana;714;2001
Pryszło;Izabela;713;2001
Natola;Feliksa;712;2001
Brzastowski;Sędzisława;711;2001
Motaczyński;Wisława;710;2001
Sopora;Genowefa;709;2001
Ratyńczuk;Minodora;708;2001
Knyssok;Walentyna;707;2001
Klinkauer;Będzisława;706;2001
Sedzikowski;Demetria;705;2001
Sawzdarga;Berta;704;2001
Nierzbicki;Gryzelda;703;2001
Hraber;Pola;702;2001
Kilijanek;Ilza;701;2001
Pieczątkowski;Miłosława;700;2001
Grejm;Klara;699;2001
Koza;Abigail;698;2001
Marysiewski;Zygfryda;697;2001
Szwagirczyk;Iwetta;696;2001
Kędzielawa;Petronela;695;2001
Mojzess;Sonia;694;2001
Batażyk;Rozyna;693;2001
Wujaśtyk;Żalina;692;2001
Oleniecz;Minodora;691;2001
Wuszko;Ifigenia;690;2001
Rospenda;Ludwina;689;2001
Kornakiewicz;Sędzisława;688;2001
Zagorodnikow;Agnieszka;687;2001
Wichtel;Gracjana;686;2001
Wajnburg;Justyna;685;2001
Siegers;Dobrosława;684;2001
Stremedłowska;Materna;683;2001
Krokusz;Koleta;682;2001
Kiuska;Epifania;681;2001
Pełczewski;Bończa;680;2001
Grudziak;Hiacynta;679;2001
Margoń;Malwina;678;2001
Wielengowski;Henryka;677;2001
Polanica;Toma;676;2001
Szpaderski;Adolfina;675;2001
Cieslinski;Placydia;674;2001
Łapański;Renata;673;2001
Zerek;Sawa;672;2001
Smorul;Marzena;671;2001
Bycio;Miła;670;2001
Lichwał;Benita;669;2001
Gaducewicz;Irmina;668;2001
Weniewski;Stronisława;667;2001
Krzebel;Przybysława;666;2001
Waluszyński;Saturnina;665;2001
Sznapka;Flora;664;2001
Riszczyk;Domosława;663;2001
Iwolska;Honorata;662;2001
Ilecki;Boguta;661;2001
Hoinka;Modesta;660;2001
Gęśkowska;Daria;659;2001
Karasiewski;Sławomira;658;2001
Otuliński;Bohdana;657;2001
Hreczak;Eunika;656;2001
Świerski;Felicyta;655;2001
Pichnasta;Zdzisława;654;2001
Hemka;Celestyna;653;2001
Kaźmierz;Witosława;652;2001
Korbecki;Dobrawa;651;2001
Fesyk;Zelmira;650;2001
Tatczak;Jadwiga;649;2001
Panewa;Witosława;648;2001
Asensky;Pryska;647;2001
Splesniały;Mindora;646;2001
Ściura;Edda;645;2001
Szweykowski;Eufemia;644;2001
Doździk;Lechosława;643;2001
Dopadko;Oliwia;642;2001
Domitra;Cezaryna;641;2001
Tobrucki;Pamela;640;2001
Tolkmitt;Kordula;639;2001
Bałzy;Gaudencja;638;2001
Chyzak;Maura;637;2001
Grędysa;Liliana;636;2001
Sobur;Oswalda;635;2001
Altstadt;Przybysława;634;2001
Erikssen;Julietta;633;2001
Tabórz;Arletta;632;2001
Relle;Róża;631;2001
Pychatka;Manuela;630;2001
Tyks;Drogosława;629;2001
Biławiecka;Serafina;628;2001
Jackuwicz;Augustyna;627;2001
Schmottermeier;Wilma;626;2001
Tahla;Agata;625;2001
Brąblec;Tacjana;624;2001
Badtke;Witolda;623;2001
Czwasz;Dagna;622;2001
Przystański;Sulimiera;621;2001
Zaskarzewska;Mina;620;2001
Kucima;Olimpia;619;2001
Repichowska;Imisława;618;2001
Remliger;Bożena;617;2001
Moczar-Demko;Antonina;616;2001
Smutkowski;Nora;615;2001
Faryszewski;Ludwika;614;2001
Wallner;Fausta;613;2001
Dawczuk;Ewelina;612;2001
Gutterdz;Sonia;611;2001
Uzdarski;Kamilla;610;2001
Teleszyński;Kosma;609;2001
Gudell;Zenona;608;2001
Wandor;Liza;607;2001
Jendraszczyk;Matylda;606;2001
Foremniok;Wirginia;605;2001
Huńczyk;Adelina;604;2001
Keplinger;Koleta;603;2001
Ziembowicz;Seweryna;602;2001
Zygud;Odilla;601;2001
Anteczek;Telimena;600;2001
Karpieszuk;Dąbrówka;599;2001
Turelik;Idalia;598;2001
Żabuńko;Leopolda;597;2001
Parada;Gościsława;596;2001
Hejmyk;Marcela;595;2001
Soukar;Atanazja;594;2001
Oblańczyk;Sylwana;593;2001
Szmilska;Dobisława;592;2001
Bółkowski;Franciszka;591;2001
Bolkiewicz;Irena;590;2001
Podsiadko;Kwiryna;589;2001
Piecak;Nimfa;588;2001
Cocek;Sewera;587;2001
Nelczarski;Leonarda;586;2001
Kroman;Edmunda;585;2001
Stramiec;Dzierżysława;584;2001
Mielcuch;Elwira;583;2001
Nagas;Sawa;582;2001
Kundrman;Wyszesława;581;2001
Wystel;Żaneta;580;2001
Drzeździon;Jewdocha;579;2001
Harmaziński;Milena;578;2001
Kuściński;Krzesisława;577;2001
Chrubasiak;Dianna;576;2001
Kopcioł;Antonina;575;2001
Kupicel;Feliksa;574;2001
Pingwarski;Boguwola;573;2001
Pietruczny;Biruta;572;2001
Gragorkiewicz;Fabia;571;2001
Katka;Nora;570;2001
Cybo;Wyszeniega;569;2001
Kuryszczak;Wierzchosława;568;2001
Czerniej;Hiacynta;567;2001
Ismaiłow;Ramona;566;2001
Menszek;Ifigenia;565;2001
Pestek;Malina;564;2001
Zakoniecka;Hortensja;563;2001
Urlych;Alicja;562;2001
Plegza;Tomisława;561;2001
Drygalewicz;Benedykta;560;2001
Drozdziuk;Alojza;559;2001
Budnow;Stefania;558;2001
Schmitko;Gardenia;557;2001
Dubiak;Honoryna;556;2001
Celing;Eleonora;555;2001
Karwi;Leonida;554;2001
Bowski;Szarlota;553;2001
Kazmirek;Alberta;552;2001
Kir;Lucjola;551;2001
Mikałszewicz;Szczęsna;550;2001
Galiak;Liwia;549;2001
Ekald;Modesta;548;2001
Kosztewicz;Adela;547;2001
Luciniec;Kwiatosława;546;2001
Sienczewski;Roma;545;2001
Lustig-Adamowski;Bogumiła;544;2001
Gałuszczyński;Dianna;543;2001
Złociński;Waleriana;542;2001
Grądkiewicz;Raissa;541;2001
Lipigurski;Filomena;540;2001
Jandziński;Teodora;539;2001
Pasiowski;Domisława;538;2001
Keil;Laurencja;537;2001
Siostrzanek;Hermenia;536;2001
Parzysiek;Gracjana;535;2001
Diczuk;Dagna;534;2001
Kić;Eliza;533;2001
Berneker;Carmen;532;2001
Szczender;Liwia;531;2001
Celejewski;Adria;530;2001
Takiela;Flawia;529;2001
Kurlenda;Hilaria;528;2001
Grzegorzyk;Grzymisława;527;2001
Dogowska;Ksawera;526;2001
Grzeguszko;Koleta;525;2001
Zianiuk;Januaria;524;2001
Glejtkowa;Leonida;523;2001
Miedniok;Gardenia;522;2001
Eisenmenger;Albertyna;521;2001
Thodos;Bernardeta;520;2001
Petrikowski;Kleopatra;519;2001
Kącki;Saba;518;2001
Gąś;Bernadeta;517;2001
Habraniec;Daria;516;2001
Znajda;Fortunata;515;2001
Rauland;Augusta;514;2001
Fabrine;Adrianna;513;2001
Akaszewska;Pęcisława;512;2001
Ligęzowski;Dionizja;511;2001
Iskandar;Eligia;510;2001
Sztelmasik;Adolfa;509;2001
Dorobiało;Otylia;508;2001
Tyśbierek;Ewelina;507;2001
Bitko;Kallina;506;2001
Balluch;Krystyna;505;2001
Srężek;Odila;504;2001
Burgun;Aurora;503;2001
Dolcz;Chwalimira;502;2001
Wennefalk;Miła;501;2001
Dereńko;Petronela;500;2001
Kobaliński;Wisława;499;2001
Darangowski;Gizela;498;2001
Watała;Cezara;497;2001
Bawkunowicz;Lilianna;496;2001
Myślicz;Fryderyka;495;2001
Lechis;Dobiesława;494;2001
Szurmacka;Dobroniega;493;2001
Pilczycka;Loretta;492;2001
Zmóra;Wiktoria;491;2001
Zejmowicz;Świętochna;490;2001
Polakowski;Sędzisława;489;2001
Gracja;Witosława;488;2001
Astran;Jadwiga;487;2001
Kierkun;Minodora;486;2001
Łabiszewski;Julia;485;2001
Blachnierek;Wacława;484;2001
Snycerz;Kazimiera;483;2001
Jarnotowski;Jadwiga;482;2001
Garstków;Ignacja;481;2001
Lambarczak;Dezyderia;480;2001
Windlarz;Chwalimira;479;2001
Niłów;Dalila;478;2001
Metel;Marlena;477;2001
Szuranow;Sobiesława;476;2001
Bołdyń;Emanuela;475;2001
Psowska;Sonia;474;2001
Nawojka;Jolanda;473;2001
Pulo;Leonarda;472;2001
Stachniał;Ewa;471;2001
Wiszk;Aurora;470;2001
Zyglerowicz;Anita;469;2001
Djenadi;Galla;468;2001
Gabrielsson;Maria Magdalena;467;2001
Iwantowska;Hermenegilda;466;2001
Haryseniuk;Ingeborga;465;2001
Waldrowska;Ewa;464;2001
Gicz;Dawida;463;2001
Fruchthandler;Linda;462;2001
Kaczyżewski;Regina;461;2001
Oleśnica;Mina;460;2001
Gittmann;Enema;459;2001
Biszczaruk;Madlena;458;2001
Śpichal;Tacjanna;457;2001
Prendarczyk;Jarmiła;456;2001
Sereczyński;Józefa;455;2001
Maczalski;Witolda;454;2001
Drużkowski;Nimfa;453;2001
Derlichowski;Boguta;452;2001
Tkotz;Dalia;451;2001
Kuryloński;Kallina;450;2001
Rotzoll;Sulimiera;449;2001
Micalik;Teodozja;448;2001
Hadke;Stella;447;2001
Sosień;Potencjana;446;2001
Sirowska;Izolda;445;2001
Hryszon;Włościsława;444;2001
Slipiko;Klotylda;443;2001
Mondzielewski;Pamela;442;2001
Ozimski;Sławomira;441;2001
Kleidbaum;Dezyderia;440;2001
Bułaszewska;Jolanda;439;2001
Barszczyszyn;Katarzyna;438;2001
Dobysiak;Mirabella;437;2001
Pomaranski;Kleopatra;436;2001
Michółka;Lucja;435;2001
Okusznik;Metoda;434;2001
Pawerczak;Edda;433;2001
Sapryka;Karola;432;2001
Torończak;Lubosza;431;2001
Frogowski;Ramona;430;2001
Dyguda;Lucjola;429;2001
Mszak;Iga;428;2001
Supoł;Alfonsyna;427;2001
Cypryjanik;Tomisława;426;2001
Oseska;Metoda;425;2001
Jaleszka;Marzanna;424;2001
Kozimir;Dobroniega;423;2001
Wolańczuk;Berna;422;2001
Hałamuszka;Madlena;421;2001
Byjak;Amalia;420;2001
Ciurapski;Edwarda;419;2001
Lechandrowicz;Walentyna;418;2001
Kuehneman;Edmunda;417;2001
Stepałkowski;Marzanna;416;2001
Gabzdył;Abigail;415;2001
Martenfeld;Anastazja;414;2001
Martynakis;Stefania;413;2001
Taradajczyk;Honoryna;412;2001
Lechforowicz;Jowita;411;2001
Cylino;Euzebia;410;2001
Abaron;Szarlota;409;2001
Willich;Zygfryda;408;2001
Lichterewicz;Klarysa;407;2001
Bilinda;Halka;406;2001
Gaudyr;Greta;405;2001
Blachucic;Aisza;404;2001
Hereng;Barbara;403;2001
Torc;Krzesisława;402;2001
Mużewicz;Rudolfina;401;2001
Bermady;Lubomiła;400;2001
Wondzonka;Petronia;399;2001
Bree;Zenobia;398;2001
Wiktarski;Dobiesława;397;2001
Kipert;Sobiesława;396;2001
Krzetowski;Ksaweryna;395;2001
Szczepuch;Placydia;394;2001
Dzisdzic;Konradyna;393;2001
Olajarz;Feliksa;392;2001
Kaszelak;Sierosława;391;2001
Ormian;Anna;390;2001
Szwc;Karola;389;2001
Greczek;Maryla;388;2001
Bonaweturczyk;Emilia;387;2001
Fajntuch;Amiceta;386;2001
Pocałujka;Longina;385;2001
Siemieruch;Grzymisława;384;2001
Kilka;Alfonsyna;383;2001
Równanik;Ditta;382;2001
Kosorowski;Cezaryna;381;2001
Bocham;Roma;380;2001
Sising;Dionizja;379;2001
Zawirczuk;Mina;378;2001
Jagucak;Szeliga;377;2001
Zabiegalińska;Sławomira;376;2001
Pieczarek;Loda;375;2001
Goterek;Daniela;374;2001
Haś;Julianna;373;2001
Liphardt;Żalina;372;2001
Rąbilas;Estera;371;2001
Tompczyk;Chwalimira;370;2001
Sakwieja;Asteria;369;2001
Gnurek;Warwara;368;2001
Tankowski;Żaklina;367;2001
Mosieżnik;Bartolomea;366;2001
Łuński;Gaudencja;365;2001
Lancman;Amiceta;364;2001
Szpelecka;Wilhelmina;363;2001
Wikira;Wisława;362;2001
Grzenc;Marzena;361;2001
Wamecki;Sara;360;2001
Czeszowic;Maja;359;2001
Ćwiertynia;Eliza;358;2001
Hadzina;Donata;357;2001
Szlagowicz;Wojciecha;356;2001
Peristeras;Stella;355;2001
Zamczyk;Anna;354;2001
Usiukiewicz;Jagna;353;2001
Cyron;Agrypina;352;2001
Łomszewicz;Sebastiana;351;2001
Penszyński;Karolina;350;2001
Sęczyńska;Katarzyna;349;2001
Dziulas;Leonida;348;2001
Zieger;Berna;347;2001
Kwol;Lora;346;2001
Zyskawa;Barbara;345;2001
Chęsa;Hilaria;344;2001
Bidniuk;Amanda;343;2001
Rosalińska;Gallina;342;2001
Kubiak-Smułka;Agnieszka;341;2001
Faścianelli;Ludomira;340;2001
Piłt;Margareta;339;2001
Mens;Klaudyna;338;2001
Ksifaris;Diomada;337;2001
Jagodyński;Kryspina;336;2001
Komendarski;Szeliga;335;2001
Juna;Geraldyna;334;2001
Tesolin;Sierosława;333;2001
Radaś;Aniela;332;2001
Orlański;Eunika;331;2001
Gronczyński;Ingeborga;330;2001
Nachulec;Ariela;329;2001
Wszał;Świętosława;328;2001
Zybko;Leonarda;327;2001
Dittke;Henryka;326;2001
Almert;Budzisława;325;2001
Kandulski;Ita;324;2001
Jarzeło;Ganda;323;2001
Kolatowicz;Ingeborga;322;2001
Grzegorzuk;Kesja;321;2001
Gnelec;Dajana;320;2001
Nasalczyk;Hanna;319;2001
Dołgopasow;Hiacynta;318;2001
Ćwikłowski;Honoryna;317;2001
Mrokoń;Felicjana;316;2001
Dzierżawczyk;Jolanta;315;2001
Hinderer;Maryna;314;2001
Rulenc;Lubosza;313;2001
Nordum;Donata;312;2001
Bogaczewicz;Witolda;311;2001
Dzirżawski;Samanta;310;2001
Pleskar;Wyszeniega;309;2001
Noworzyn;Witolda;308;2001
Buresa;Beata;307;2001
Chałpnik;Bibianna;306;2001
Gaborkiewicz;Halszka;305;2001
Grobus;Marika;304;2001
Burbulla;Daniela;303;2001
Smigaj;Romualda;302;2001
Madkiewicz;Diana;301;2001
Lasan;Ariela;300;2001
Charłasz;Bryda;299;2001
Podymniak;Narcyza;298;2001
Wieżelewski;Domicela;297;2001
Mieldzieć;Gloria;296;2001
Sklarzewicz;Zelmira;295;2001
Łapacki;Violetta;294;2001
Gromul;Nonna;293;2001
Elter;Jarmiła;292;2001
Bukierj;Laurencja;291;2001
Forlański;Sydonia;290;2001
Grolewicz;Lucyna;289;2001
Madziejewska;Jolanta;288;2001
Tycholiz;Emanuela;287;2001
Ogólniewicz;Neomiła;286;2001
Cęcak;Hildegarda;285;2001
Zambo;Angelika;284;2001
Jeżów;Delfina;283;2001
Dynchurska;Saturnina;282;2001
Hendzik;Gustawa;281;2001
Żywan;Teofila;280;2001
Fortstek;Mindora;279;2001
Peiski;Albina;278;2001
Bachurewicz;Romualda;277;2001
Płoskoń;Genowefa;276;2001
Marylak;Wojciecha;275;2001
Hallor;Romualda;274;2001
Lamk;Ulryka;273;2001
Szymalski;Sofia;272;2001
Finoket;Ludwina;271;2001
Nochocka;Ludomira;270;2001
Slośnik;Ozanna;269;2001
Knapisiewicz;Ludwina;268;2001
Zazulin;Zuzanna;267;2001
Czerepa;Ilona;266;2001
Tefelin;Zuzanna;265;2001
Muran;Trzebisława;264;2001
Wiliczuk;Gardenia;263;2001
Swęcik;Strzeżysława;262;2001
Zalat;Edda;261;2001
Agath;Ingrida;260;2001
Szaferna;Lubomiła;259;2001
Banderowicz;Ariadna;258;2001
Elmianowska;Karola;257;2001
Kupiocka;Cezara;256;2001
Lelanek;Matylda;255;2001
Ruznerski;Ksaweryna;254;2001
Bondenszajc;Aurora;253;2001
Thomeyer;Ifigenia;252;2001
Dumakiewicz;Świętochna;251;2001
Popczek;Lucjola;250;2001
Kałbukowski;Wisława;249;2001
Rajko;Gabriela;248;2001
Lanek;Pamela;247;2001
Ulijaszyk;Minodora;246;2001
Zeńko;Areta;245;2001
Świerszczek;Sławomira;244;2001
Czaplis;Jowita;243;2001
Tczyński;Benigna;242;2001
Pyrez;Celestyna;241;2001
Rzeźnikiewicz;Żywia;240;2001
Oksentowski;Amelia;239;2001
Wyszumiała;Iwa;238;2001
Oeltjen;Dionizja;237;2001
Sramowski;Orchidea;236;2001
Piętlak;Kamila;235;2001
Iwanuch;Bernadetta;234;2001
Korabowiak;Feliksa;233;2001
Romosin;Beatrycze;232;2001
Kollmer;Lilla;231;2001
Bedryń;Nimfa;230;2001
Wajdeman;Asteria;229;2001
Stromkie;Magdalena;228;2001
Swatkiewicz;Fortunata;227;2001
Łowiczyk;Konradyna;226;2001
Bertkowicz;Mina;225;2001
Hruba;Dąbrówka;224;2001
Nilus;Isaura;223;2001
Opłota;Zefiryna;222;2001
Loksy;Sędzisława;221;2001
Liberman;Ewelina;220;2001
Mandas;Klara;219;2001
Derewicz;Sydonia;218;2001
Koszczół;Dezyderia;217;2001
Rozniatowski;Regina;216;2001
Żys;Bogdana;215;2001
Pezalski;Madlena;214;2001
Pluskiewicz;Faustyna;213;2001
Deuter;Agata;212;2001
Pryhoda;Serafina;211;2001
Błotna;Lucylla;210;2001
Gołówko;Bogusława;209;2001
Filinik;Talita;208;2001
Haber;Liliana;207;2001
Kobylacki;Dobrawa;206;2001
Smarawa;Arletta;205;2001
Ferdanus;Bożysława;204;2001
Wargiela;Lilla;203;2001
Skiercka;Grażyna;202;2001
Zeiffert;Dina;201;2001
Lencznerowicz;Kamilla;200;2001
Korona Kilański;Otylia;199;2001
Felzner;Potencjana;198;2001
Kikiernicki;Katarzyna;197;2001
Pykałow;Marika;196;2001
Falikszowska;Diomeda;195;2001
Fenslau;Aurelia;194;2001
Magasińska;Gryzelda;193;2001
Jówko;Ludomira;192;2001
Rakowitsch;Przybysława;191;2001
Ainbacher;Teodozja;190;2001
Munt;Felicjana;189;2001
Kleibauer;Arleta;188;2001
Wechtacz;Anna;187;2001
Szapiński;Szczęsna;186;2001
Lipejko;Symforiana;185;2001
Anrosiak;Telimena;184;2001
Szarajew;Lilla;183;2001
Zakobielski;Bernadeta;182;2001
Jonczew;Włościsława;181;2001
Gablewicz;Kallina;180;2001
Supyk;Zuzanna;179;2001
Basczyn;Erazma;178;2001
Gertruda;Ryszarda;177;2001
Kapula;Józefa;176;2001
Mauschagen;Glikeria;175;2001
Dzymballa;Renata;174;2001
Erolik;Ligia;173;2001
Winciorski;Potencjana;172;2001
Gnaciński;Placydia;171;2001
Hnatkow;Kaliksta;170;2001
Saręczo;Marlena;169;2001
Ditel;Żaklina;168;2001
Espenszit;Dina;167;2001
Bautro;Joachima;166;2001
Kłapucki;Wszebora;165;2001
Fedrau;Hermenia;164;2001
Knapkiewicz;Albertyna;163;2001
Strippentow;Gabriela;162;2001
Korsus;Emanuela;161;2001
Płotast;Cieszysława;160;2001
Klacek;Lechosława;159;2001
Zajęski;Kamelia;158;2001
Gusy;Nina;157;2001
Głatoń;Krzysztofa;156;2001
Kapelusznik;Swietłana;155;2001
Royda;Szarlota;154;2001
Bałaszewicz;Angelika;153;2001
Fiengier;Klara;152;2001
Godyla;Scholastyka;151;2001
Babszyszyn;Róża;150;2001
Zaręcka;Oktawia;149;2001
Erlekampf;Estera;148;2001
Kazulska;Ramona;147;2001
Świesciak;Aniceta;146;2001
Małyjasiak;Szymoneta;145;2001
Swierszczewski;Lucja;144;2001
Kolodziejek;Zelmira;143;2001
Andreańczyk;Ciechosława;142;2001
Jeresińska;Krystiana;141;2001
Czwink;Jolanda;140;2001
Bakierczak;Sandra;139;2001
Mecys;Loretta;138;2001
Obermueller;Agrypina;137;2001
Skibida;Radomiła;136;2001
Tomasik;Jagna;135;2001
Bobański;Filomena;134;2001
Błajda;Maryla;133;2001
Wyrożębski;Sandra;132;2001
Zinkow;Dagmara;131;2001
Pogrebna;Izabella;130;2001
Danszczak;Gardenia;129;2001
Trochowicz;Glikeria;128;2001
Badzong;Wirginia;127;2001
Kundalska;Ludomiła;126;2001
Buchmiller;Swetłana;125;2001
Przechała;Chwalimira;124;2001
Briks;Katarzyna;123;2001
Wiernaś;Seweryna;122;2001
Suchecki vel Szczakowski;Sławomira;121;2001
Pipo;Lora;120;2001
Oleniec;Wirginia;119;2001
Bogumiłko;Felicja;118;2001
Gamuła;Leona;117;2001
Zalużny;Wacława;116;2001
Cubek;Roma;115;2001
Majtek;Malwina;114;2001
Baklan;Gilda;113;2001
Korszun;Inga;112;2001
Orodnik;Fryda;111;2001
Pieniach;Jaśmina;110;2001
Prechsel;Karina;109;2001
Kustarz;Mira;108;2001
Deurcz;Carmen;107;2001
Boese;Ingrid;106;2001
Stącz;Marianna;105;2001
Kowlaski;Huberta;104;2001
Ksył;Czesława;103;2001
Pereślucha;Faustyna;102;2001
Ławrukaitis;Delfina;101;2001
Wasilke;Emerencja;100;2001
Jałowczyk;Kwiatosława;99;2001
Henzelewski;Adolfina;98;2001
Lublianiec;Teodozja;97;2001
Ozimikiewicz;Dobiesława;96;2001
Czyżyca;Cyntia;95;2001
Gwożdziowski;Rozyna;94;2001
Martyniecki;Anita;93;2001
Grochcińska;Miłosława;92;2001
Płocień;Adolfa;91;2001
Kuraho-Skraho;Gloria;90;2001
Mudło;Berenika;89;2001
Hamr;Aleksandra;88;2001
Ostrowierch;Zelmira;87;2001
Aumuller;Kosma;86;2001
Borzych;Felicyta;85;2001
Świetkowiak;Cecylia;84;2001
Hauryłkiewicz;Liwia;83;2001
Semk;Leonia;82;2001
Szudkowski;Jagoda;81;2001
Szwojda;Angelika;80;2001
Rembiecha;Scholastyka;79;2001
Borgulya;Ludomira;78;2001
Niewiada;Olimpia;77;2001
Bieleńkiewicz;Maryna;76;2001
Krauczelinas;Felicjana;75;2001
Bronelik;Swietłana;74;2001
Achita;Róża;73;2001
Odpada;Sławomira;72;2001
Jachimiuk;Roksana;71;2001
Skrodiuk;Gracjana;70;2001
Borenet;Genowefa;69;2001
Wiczepanek;Miriam;68;2001
Zelichowski;Maryna;67;2001
Puacz;Żaklina;66;2001
Pliciński;Emerencja;65;2001
Rafalot;Lamberta;64;2001
Mylnik;Dina;63;2001
Pranzioch;Więcesława;62;2001
Drejasz;Augustyna;61;2001
Mutianko;Nadia;60;2001
Bawałek;Ilia;59;2001
Organowski;Natalia;58;2001
Kojzerek;Orchidea;57;2001
Mages;Halszka;56;2001
Bierzmiewski;Sofia;55;2001
Wyceniak;Bernardyna;54;2001
Stafij;Czcibora;53;2001
Pszulna;Leonia;52;2001
Obłąkowski;Alma;51;2001
Hakowiecka;Wszemiła;50;2001
Pypać;Pelagia;49;2001
Koftanowicz;Rozalia;48;2001
Ulinowski;Telisława;47;2001
Cegielski vel Woźniak;Pryska;46;2001
Korabiewski;Gawryła;45;2001
Skręciak vel Lewandowski;Ewdokia;44;2001
Kłodek;Debora;43;2001
Konwisarczyk;Beatrycze;42;2001
Gregosch;Tomira;41;2001
Katuś;Krystyna;40;2001
Żona;Glikeria;39;2001
Ruzgis-Jackiewicz;Filomena;38;2001
Gielnicki;Nonna;37;2001
Dobrina;Jadwiga;36;2001
Klingbajl;Toska;35;2001
Krafczyszyn;Monika;34;2001
Gardyga;Aisza;33;2001
Cebułka;Bogdana;32;2001
Gołubczyk;Władysława;31;2001
Krzemióski;Julianna;30;2001
Bortasów;Leokadia;29;2001
Pieniążkowski;Lilianna;28;2001
Szczybór;Faustyna;27;2001
Żelochowska;Anna;26;2001
Asterski;Sawa;25;2001
Poruszewski;Karena;24;2001
Stepanowski;Aniceta;23;2001
Łuczniewicz;Roma;22;2001
Kuchmeister;Leopolda;21;2001
Waszajło;Konrada;20;2001
Pinczewski;Gardenia;19;2001
Wajukajm;Roksana;18;2001
Karnina;Demetria;17;2001
Koszalski;Dajana;16;2001
Palmerski;Fausta;15;2001
Łękarski;Żegota;14;2001
Szwindowicz;Stanisława;13;2001
Włudarczuk;Ryszarda;12;2001
Kaczmarzyński;Huberta;11;2001
Greczarek;Sewera;10;2001
Andzielewski;Stanisława;9;2001
Kokolus;Donata;8;2001
Rond;Konstancja;7;2001
Weseńczuk;Isaura;6;2001
Bruniany;Asteria;5;2001
Kontarzew;Wszebora;4;2001
Kościuł;Emilia;3;2001
Mensyk;Bryda;2;2001
Stryjewski;Karola;1;2001
Galendek;Humbert;1000;2000
Puranik;Kryspin;999;2000
Nieczytaiłow;Wilhelm;998;2000
Ciecharz;Korneli;997;2000
Węchal;Nikanor;996;2000
Ołenczyn;Wiesław;995;2000
Sengers;Maksym;994;2000
Sytar;Ewelin;993;2000
Gozdawa Drwęski;Dagobert;992;2000
Frogiel;Bogumir;991;2000
Ćwilich;Juliusz;990;2000
Gużdzio;Sykstus;989;2000
Gabryjelewski;Egon;988;2000
Chęczkiewicz;Kazimierz;987;2000
Krafft;Sofroniusz;986;2000
Michotka;Fabrycy;985;2000
Krzyżostanik;Przemysław;984;2000
Blehm;Achacjusz;983;2000
Bryba;Ludomił;982;2000
Sobolnicka;Ludwik;981;2000
Reśke;Żelisław;980;2000
Homeński;Flawian;979;2000
Szlenczek;Aleksy;978;2000
Landzkowski;Jaropełk;977;2000
Fedysiów;Świętosław;976;2000
Leszczeszyn;Wodzisław;975;2000
Łyluk;Cieszygor;974;2000
Koschany;Chwalisław;973;2000
Korbysa;Makary;972;2000
Raduj;Wszegniew;971;2000
Chiryza;Mironieg;970;2000
Trzpil;Walenty;969;2000
Alanowska;Wacław;968;2000
Welkowska;Niemir;967;2000
Jędrzyk;Lutobor;966;2000
Kustodowicz;Herakles;965;2000
Kryczałło;Mojmir;964;2000
Ściernicki;Karol;963;2000
Łęgownik;Cyrus;962;2000
Szefczak;Job;961;2000
Honzatko;Ireneusz;960;2000
Wagrzecka;Egon;959;2000
Mątowski;Korneli;958;2000
Woźniok;Renat;957;2000
Siedlaszek;Roger;956;2000
Barlik;Janisław;955;2000
Gębryś;Drogosław;954;2000
Czeterburg;Bożebor;953;2000
Niżyborski;Gebhard;952;2000
Harjasz;Bazyl;951;2000
Kores;Martynian;950;2000
Klein;Liwiusz;949;2000
Popielczak;Kornel;948;2000
Jewtoszewska;Jarogniew;947;2000
Zagózdzińska;Enoch;946;2000
Zimdzak;Zygfryd;945;2000
Planter;Modest;944;2000
Wolniok;Ananiasz;943;2000
Bielke;Cieszymir;942;2000
Michałyk;Przedwoj;941;2000
Osochocki;Trzebimir;940;2000
Świena;Hermes;939;2000
Kurpioch;Karp;938;2000
Muraszkiewicz;Lilian;937;2000
Wojtaw;Symeon;936;2000
Talarek;Bożebor;935;2000
Zaic;Radziwoj;934;2000
Tyrzes;Sędzisław;933;2000
Golaszowska;Czech;932;2000
Nispoń;Kwiryn;931;2000
Stanuch;Przedwoj;930;2000
Konteft;Antym;929;2000
Rejtarowski;Euzebiusz;928;2000
Szałtenis;Gaudenty;927;2000
Stranczka;Ludomir;926;2000
Gąchewicz;Łucjan;925;2000
Firadza;Lutosław;924;2000
Matwijszyn;Waleriusz;923;2000
Szprynca;Święcimir;922;2000
Szabliński;Heliasz;921;2000
Pitruliński;Iwon;920;2000
Skwaryło;Więczysław;919;2000
Kiola;Tacjusz;918;2000
Łogiewka;Andrzej;917;2000
Wawdefer;Nikanor;916;2000
Altheim;Roland;915;2000
Kryk vel Krygiel;Przybymir;914;2000
Popner;Amadeusz;913;2000
Wernes;Andron;912;2000
Bezumowicz;Dobronieg;911;2000
Sciebiorek;Hegezyp;910;2000
Kiełdacka;Sławoj;909;2000
Bugojczyk;Dobrogost;908;2000
Zyźniewski;Achacjusz;907;2000
Dauda;Otton;906;2000
Zaluński;Sykstus;905;2000
Owczarek;Bertold;904;2000
Prózna;Rajmund;903;2000
Szlemer;Mściwój;902;2000
Weisman;Przybywoj;901;2000
Kozinski;Grzegorz;900;2000
Andruszenko;Kazimierz;899;2000
Bartedza;Domawit;898;2000
Najuk;Malwin;897;2000
Steińberg;Łucjusz;896;2000
Draszcz;Barnabasz;895;2000
Szloz;Wiktoriusz;894;2000
Janaczek;Tomił;893;2000
Swalarz;Anastazy;892;2000
Kuziara;Wyszemir;891;2000
Peszot;Roch;890;2000
Męndak;Klet;889;2000
Kijuk;Żelisław;888;2000
Święconek;Atanazy;887;2000
Halabarda;Szczepan;886;2000
Małenda;Jeremiasz;885;2000
Puchl;Tomisław;884;2000
Grella;Jan Kanty;883;2000
Basibór;Naczesław;882;2000
Mrówczacki;Sulirad;881;2000
Wertacz;Drogomił;880;2000
Klimiewicz;Efrem;879;2000
Solna;Sobiesąd;878;2000
Szczawij;Kondrad;877;2000
Nebesni;Wszerad;876;2000
Kotarzewski;Prosimir;875;2000
Szeliwiak;Dorian;874;2000
Katlarek;Erwin;873;2000
Luste;Sylwin;872;2000
Świeca;Jonatan;871;2000
Pałąk;Bazylid;870;2000
Srobrowski;Trzebomysł;869;2000
Kowlińska;Gedeon;868;2000
Filipic;Michał;867;2000
Abrałańska;Hermes;866;2000
Faltyn;Siestrzemił;865;2000
Telsdorf;Seweryn;864;2000
Zagzieł;Leodegar;863;2000
Moulis;Zefiryn;862;2000
Udko;Tomił;861;2000
Widzewicz;Paramon;860;2000
Trębaluk;Ksawery;859;2000
Cybulkin;Racimir;858;2000
Odyniec;Jacenty;857;2000
Bulli;Sobiesąd;856;2000
Szajczyk;Sobiesław;855;2000
Woz;Eweryst;854;2000
Szłuka;Felicysym;853;2000
Majeszczyk;Natanael;852;2000
Tarajło;Cezary;851;2000
Drósch;Konstanty;850;2000
Walów;Żelisław;849;2000
Żniszczoł;Cyryl;848;2000
Cempura;Drogosław;847;2000
Trassa;Bohdan;846;2000
Blańczyk;Karolin;845;2000
Dzierżko;Cibor;844;2000
Birgiszer;Apolinary;843;2000
Zacharew;Gustaw;842;2000
Budziejko;Axel;841;2000
Żuchora;Franciszek;840;2000
Broth;Sądomir;839;2000
Toczykont;Cibor;838;2000
Wolungiewicz;RenĂÂ©;837;2000
Ozug;Helmut;836;2000
Boja;Bronimir;835;2000
Pędziowska;Częstomir;834;2000
Siemsia;Justyn;833;2000
Hencki;Gaspar;832;2000
Szranke;Dezydery;831;2000
Łukacz;Patryk;830;2000
Dybolska;Jazon;829;2000
Świałkowska;Patryk;828;2000
Pyziński;Fabrycjan;827;2000
Runowicz;Bolebor;826;2000
Orywoł;Franciszek Salezy;825;2000
Latoń;Dobiemir;824;2000
Pawliwski;Kiejstut;823;2000
Zabłotniak;Galezy;822;2000
Cusik;Sawin;821;2000
Nestorow;Świętosław;820;2000
Kapkowski;Robert;819;2000
Tałasiewicz;Wszemił;818;2000
Gadziecki;Gwidon;817;2000
Błaszkiewicz;Żelisław;816;2000
Bucher;Horacy;815;2000
Zmeczerowski;Zdobysław;814;2000
Senel;Jeron;813;2000
Kierłowicz;Bertold;812;2000
Wawilan;Eryk;811;2000
Mełen;Olgierd;810;2000
Morszyn;Nawoj;809;2000
Gembolys;Mojżesz;808;2000
Pitrzak;Dalegor;807;2000
Żeleszczyk;Zorian;806;2000
Warchoń;Więcesław;805;2000
Śmigrowski;Eweryst;804;2000
Wielbacki;Erhard;803;2000
Wilkoński vel Wilkęski;Gajusz;802;2000
Glimeister;Ramon;801;2000
Cieświerz;Rufus;800;2000
Domgiałło;Werner;799;2000
Marasiak;Henryk;798;2000
Frąszcza;Wendelin;797;2000
Koscijanczuk;Niemir;796;2000
Gollij;Amadeusz;795;2000
Kosyrczyk;Wielisław;794;2000
Borejszko;Czcibor;793;2000
Bolniecki;January;792;2000
Tychek;Hermenegild;791;2000
Kuprycht;Bonifacy;790;2000
Szelazła;Wszerad;789;2000
Łukowiec;Ezechiel;788;2000
Hellfeur;RenĂÂ©;787;2000
Wiostek;Addar;786;2000
Forbes;Cezary;785;2000
Świetoniak;Spirydion;784;2000
Kolendrowicz;Ksenofont;783;2000
Pstrong;Kanizjusz;782;2000
Jaderna;Ewaryst;781;2000
Herdy;Agapit;780;2000
Gitzer;January;779;2000
Holeniowska;Melchior;778;2000
Serwatiak;Roman;777;2000
Zabójszczyk;Zorian;776;2000
Pchayek;Unisław;775;2000
Dzimiński;Boromeusz;774;2000
Wyśk;Ubald;773;2000
Burdziński;Lilian;772;2000
Ługowski;Rafał;771;2000
Baków;Mansfet;770;2000
Wołuń;Ernestyn;769;2000
Dulicz;Roch;768;2000
Batzik;Tęgomir;767;2000
Klenski;Narcyz;766;2000
Kieńcik;Ubysław;765;2000
Niziniec;Wszemir;764;2000
Kudzek;Niegomir;763;2000
Rymanowski;Kir;762;2000
Charłaszów;Twardosław;761;2000
Mąkos;Kain;760;2000
Kreiseder;Harasym;759;2000
Skorytowska;Ninomysł;758;2000
Żaługowicz;Kalasanty;757;2000
Hanser;Włościsław;756;2000
Fedrowitz;Lutosław;755;2000
Sukierzyńska;Longin;754;2000
Gnega;Wyszemir;753;2000
Szyrkowicz;Leonard;752;2000
Paczecka;Wojciech;751;2000
Gryzikowska;Witomił;750;2000
Kerpert;Cecylian;749;2000
Cyganol;Judasz;748;2000
Nikodon;Radogost;747;2000
Łaczyszyn;Mścibor;746;2000
Gordziel;Budzigniew;745;2000
Bystrzyjewski;Klementyn;744;2000
Kosanga;Edgar;743;2000
Kormasz;Hermenegild;742;2000
Kuczerowcew;Gościwit;741;2000
Wienczura;Dobromił;740;2000
Szpingier;Sylwery;739;2000
Talering;Radosław;738;2000
Heidlas;Ireneusz;737;2000
Wituch;Dan;736;2000
Kocimski;Cibor;735;2000
Dallet;Dalebor;734;2000
Fidrich;Olgierd;733;2000
Chadyńka;Sewerian;732;2000
Hruszowiec;Wawrzyniec;731;2000
Skraba;Faust;730;2000
Plip;Sądzimir;729;2000
Zarlok;Domamir;728;2000
Landon;Wrócimir;727;2000
Sabański;Władysław;726;2000
Łachyńska;Albert;725;2000
Błazień;Albaniusz;724;2000
Sidur;Metody;723;2000
Numrych;Alf;722;2000
Diduszek;Euchariusz;721;2000
Dylak;Janusz;720;2000
Weissensteiner;Kasjan;719;2000
Brzeźnik;Unimir;718;2000
Łyzin;Festus;717;2000
Gnizia;Gerwazy;716;2000
Kipa;Domosław;715;2000
Kurdych;Trzebomysł;714;2000
Łodel;Iwon;713;2000
Gnerich;Damazy;712;2000
Jozienko;Błażej;711;2000
Tonolewski;Serwacy;710;2000
Gumanna;Długosz;709;2000
Bujar;Leonard;708;2000
Baducki;Krzysztof;707;2000
Kosłuch;Eligiusz;706;2000
Żuchawska;Rościsław;705;2000
Blońska;Cezariusz;704;2000
Frentel;Artus;703;2000
Switeń;Eligiusz;702;2000
Majus;Przybywoj;701;2000
Nicioł;Salwin;700;2000
Arnocka;Gabriel;699;2000
Buniecka;Mścibor;698;2000
Hofstaeter;Cieszygor;697;2000
Wawszyk;Izydor;696;2000
Pęchalski;Ninogniew;695;2000
Podryszyńska;Krzysztof;694;2000
Porosko;Jarogniew;693;2000
Mango;Sofroniusz;692;2000
Przęzdziek;Pudens;691;2000
Pankało;Erhard;690;2000
Poznorowicz;Dobrowit;689;2000
Graut;Longin;688;2000
Dygnoś;Benicjusz;687;2000
Rosola;Feliks;686;2000
Wawryka;Lucjusz;685;2000
Gibos;Tycjan;684;2000
Przybysiak-Przybyszewski;Jonasz;683;2000
Libardi;Oskar;682;2000
Giellnik;Kewin;681;2000
Hollor;Uniedrog;680;2000
Gródzyński;Edwin;679;2000
Łaja;Dorian;678;2000
Stenzik;Rajnold;677;2000
Garecki;Stanimir;676;2000
Widogórka;Kazimierz;675;2000
Bargowicz;Unisław;674;2000
Elznerowicz;Antonin;673;2000
Frenlich;Klaudiusz;672;2000
Ćwiczyński;Rościmir;671;2000
Niedziocha;Przybyrad;670;2000
Poeppel;German;669;2000
Leonczyk;Radek;668;2000
Ramczenko;Bazylis;667;2000
Maheta;Miłogost;666;2000
Fryzik;Irydion;665;2000
Basamonowicz;Bohdan;664;2000
Dzwońska;Hugo;663;2000
Stunbińska;Adalbert;662;2000
Silerski;Sulpicjusz;661;2000
Hamsymowicz;Norman;660;2000
Jeleniowska;Elizeusz;659;2000
Gorniak vel Gorska;Domarad;658;2000
Midzik;Niemir;657;2000
Wierzganowski;Arseniusz;656;2000
Flisykowski;Spycimir;655;2000
Niecota;Więcemił;654;2000
Korzan;Ezdrasz;653;2000
Magin;Sabin;652;2000
Pływak;Korneli;651;2000
Homolka;Nelly;650;2000
Lendziakowska;Naczesław;649;2000
Śmiglicki;Mirosław;648;2000
Imbras;Kleofas;647;2000
Kenzik;Cieszysław;646;2000
Czubenko;Emil;645;2000
Bitinkow;Stojmir;644;2000
Strzeszczyńska;Dolores;643;2000
Knychala;Afanazy;642;2000
Sembarski;Bożydar;641;2000
Bersch;Olgierd;640;2000
Cudkiewicz;Dalemir;639;2000
Czapulan;Tolisław;638;2000
Fryt;Fabian;637;2000
Płońka;Unimir;636;2000
Załuskowski;Romeo;635;2000
Bróda;Wojmir;634;2000
Mikrasz;Kandyd;633;2000
Pleiznerowska;Wszemir;632;2000
Rygorczuk;Włodziwoj;631;2000
Grądek;Roman;630;2000
Antoń;Zdzimir;629;2000
Labuński;January;628;2000
Buslenko;Cieszybor;627;2000
Sądurska;Wiktorian;626;2000
Kurelak;Dobrociech;625;2000
Czarnetzki;Orestes;624;2000
Ascych;Stanisław;623;2000
Stembalski;Damian;622;2000
Marczkowski;Ludomir;621;2000
Dośpił;Przedwoj;620;2000
Chutyra;Czechoń;619;2000
Przywarczyk;Eulogiusz;618;2000
Skworek;Porfirion;617;2000
Żurawl;Wszemił;616;2000
Malągowski;Hugon;615;2000
Beschmidt;Hubert;614;2000
Salloum;Marcelin;613;2000
Bojarojc;Innocenty;612;2000
Bruszyński;Godzimir;611;2000
Praczke;Albaniusz;610;2000
Hollik;Bean;609;2000
Mekuch;Przybyrad;608;2000
Libricht;Torpet;607;2000
Appelbum;Lutomir;606;2000
Filipin;Doris;605;2000
Michala;Liberat;604;2000
Drajok;Sulimierz;603;2000
Kiesslich;Salezy;602;2000
Służaniec;Ireneusz;601;2000
Borankiewicz;Noemi;600;2000
Wójcikiewicz;Walter;599;2000
Harmatnik;Ronald;598;2000
Kaluźna;Zachariasz;597;2000
Peterzyk;Jordan;596;2000
Jakrzyk;Bazyli;595;2000
Nataszyc;Asteriusz;594;2000
Bejraszewski;Miłorad;593;2000
Półkorycki;Florentyn;592;2000
Olems;Rościmir;591;2000
Balsasz;Klementyn;590;2000
Bejza;Teodozjusz;589;2000
Drause;Gabor;588;2000
Machuł;Jozue;587;2000
Czemornik;Więcesław;586;2000
Globke;Cyriak;585;2000
Tarosewicz;Spirydion;584;2000
Prasik;Aleksy;583;2000
Meleszkiewicz;Izaak;582;2000
Niewieczeżal;Eligiusz;581;2000
Teiega;Gerard;580;2000
Michaczewska;Nicefor;579;2000
Kuzicki;Iwo;578;2000
Irobi;Apollo;577;2000
Bałkowski;Gajusz;576;2000
Szorc;Petroniusz;575;2000
Posak;Żytomir;574;2000
Połeczoło;Roch;573;2000
Płaksiak;Drogomir;572;2000
Kiertaszewska;Dominik;571;2000
Weińska;Mamert;570;2000
Skarbiesz;Nikanor;569;2000
Szwaby;Jonatan;568;2000
Prążyński;Wielisław;567;2000
Wrzeźniak;Sewerian;566;2000
Gorgurewicz;Lutobor;565;2000
Waloszik;Trzebimir;564;2000
Tamaka;Radomir;563;2000
Pyłypów;Wit;562;2000
Lauchstädt;Pęcisław;561;2000
Cymach;Drogomir;560;2000
Kupsch;Sebald;559;2000
Łucenia;Oswald;558;2000
Oszaka;Pękosław;557;2000
Berstler;Ksenofont;556;2000
Zisidis;Jan Chryzostom;555;2000
Charszczyński;Alfons;554;2000
Żygiełło;Częstobor;553;2000
Kuterbach;Hegezyp;552;2000
Btawdzin;Siestrzemił;551;2000
Pacler;Emanuel;550;2000
Chrusińska;Grodzisław;549;2000
Grus;Świeciech;548;2000
Gawrus;Jeron;547;2000
Kryszpin;Donald;546;2000
Spychara;Albin;545;2000
Darowiecki;Dobromir;544;2000
Pinkasewicz;Eberhard;543;2000
Cherla;Iwan;542;2000
Balanda;Demetriusz;541;2000
Gniadkiewicz;Helmut;540;2000
Nałęcki;Serafin;539;2000
Bałażenko;Stojgniew;538;2000
Rocal;Diogenes;537;2000
Demaniuk;Masław;536;2000
Kacyniak;Lutogniew;535;2000
Gubarewski;Chociemir;534;2000
Krejca;Niezamysł;533;2000
Stachula;Wrzesław;532;2000
Liedert;Borzywoj;531;2000
Widuliński;Mauryn;530;2000
Klaniecki;Wszegniew;529;2000
Starżecka;Henryk;528;2000
Krapiwin;Zachariasz;527;2000
Gabryniak;Eligiusz;526;2000
Jagodowicz;Broniwoj;525;2000
Barcowicz;Donald;524;2000
Przeworczyk;Stronisław;523;2000
Jasniak;Klaus;522;2000
Grauser;Winicjusz;521;2000
Panin;Lewin;520;2000
Stargulewski;Egbert;519;2000
Kiebal;Suliwoj;518;2000
Niechwidowicz;Trzebisław;517;2000
Flejmajer;Juliusz;516;2000
Szelewa;Bożydar;515;2000
Krykawska;Sulisław;514;2000
Konczelski;Polikarp;513;2000
Stadurska;Spycimir;512;2000
Pipiór;Adrian;511;2000
Kapistecki;Strzeżysław;510;2000
Blizimska;Melchior;509;2000
Kissk;Grzegorz;508;2000
Bodenczuk;Dobronieg;507;2000
Nieziółka;Taras;506;2000
Elbich;Herkulan;505;2000
Dębin;Faust;504;2000
Ruducka;Michał;503;2000
Sammet;Patrycy;502;2000
Umirska;Gaudencjusz;501;2000
Szudok;Zbigniew;500;2000
Bołot;Drogomił;499;2000
Koraban;Arseniusz;498;2000
Todzik;Oswald;497;2000
Kraużowicz;Rafał;496;2000
Nuchowska;Wszebąd;495;2000
Małoszek;Dersław;494;2000
Rogór;Gabriel;493;2000
Cynn;Leonid;492;2000
Spetz;Franciszek Salezy;491;2000
Klusza;Atanazy;490;2000
Wyrozębski;Liboriusz;489;2000
Szkruć;Kalikst;488;2000
Tompłowicz;Klementyn;487;2000
Humbek;Dziersław;486;2000
Adrjańczyk;Radek;485;2000
Wettrich;Dymitr;484;2000
Tomfas;Barnabasz;483;2000
Przywódzki;Torpet;482;2000
Ochantol;Rufus;481;2000
Micholik;Egon;480;2000
Tiuk;Chryzostom;479;2000
Klejmon;Brunon;478;2000
Bąboła;Fabian;477;2000
Koppin;Miłowan;476;2000
Lobka;Beatryks;475;2000
Ramerowicz;Sławoj;474;2000
Chuptyś;Janusz;473;2000
Beżan;Gorgoncjusz;472;2000
Chrukiewicz;Gebhard;471;2000
Barbaszewski;Gabriel;470;2000
Śwątek;Kondrad;469;2000
Wodschak;Eligiusz;468;2000
Ryboń;Krzesisław;467;2000
Łaputko;Adolf;466;2000
Kurczobiński;Leszek;465;2000
Gudiadidis;Mściwój;464;2000
Szkrabocka;Dagobert;463;2000
Kurdelski;Miłowan;462;2000
Garszek;Grodzisław;461;2000
Branoys;Zefiryn;460;2000
Sączawa;Achacy;459;2000
Kopyta;Kurt;458;2000
Szturmiak;Rut;457;2000
Chandej;Taras;456;2000
Świech;Norbert;455;2000
Ciwoniuk;Aleksander;454;2000
Gameel;Mirogniew;453;2000
Goleniec;Karolin;452;2000
Swęder;Łukasz;451;2000
Wolonkiewicz;Epifaniusz;450;2000
Olesek;Tyberiusz;449;2000
Jędrys;Gaweł;448;2000
Bassel;Wszemił;447;2000
Orszczyk;Konstancjusz;446;2000
Kirjanowicz;Gościsław;445;2000
Morkulak;Siemirad;444;2000
Łastawa;Spycisław;443;2000
Wągrodna;Oskar;442;2000
Sobicki;Jakub;441;2000
Dottek;Probus;440;2000
Piskrzyński;Emiliusz;439;2000
Sękowicz;Sambor;438;2000
Werbowicz;Pakosław;437;2000
Stasal;Boromeusz;436;2000
Fajud;Radomysł;435;2000
Pródniak;German;434;2000
Wałpińska;Długosz;433;2000
Kechla;Racisław;432;2000
Zilonicka;Brykcjusz;431;2000
Jugiel;Leander;430;2000
Domosód;Ksenofont;429;2000
Oksejuk;Paulin;428;2000
Depciuk;Sylwin;427;2000
Sziterly;Tezeusz;426;2000
Zajęc;Beniamin;425;2000
Owalla;Dalebor;424;2000
Szelner;Nikanor;423;2000
Łenka;Erhard;422;2000
Kadi;Mironieg;421;2000
Hawreluk;Apoloniusz;420;2000
Dziekleński;Prokop;419;2000
Stefaniok;Przecław;418;2000
Jakuczewski;Morzysław;417;2000
Gołoszczyk;Tomir;416;2000
Miot;Sławobor;415;2000
Skubal;Klaudiusz;414;2000
Janasz;Stosław;413;2000
Harland;Gwidon;412;2000
Lągiewka;Iwon;411;2000
Łajewski;Radomił;410;2000
Kozidój;Doris;409;2000
Hardek;Ubald;408;2000
Magge;Domasław;407;2000
Bejamowicz;Gracjan;406;2000
Stajndorf;Wespazjan;405;2000
Hyżewski;Zdziwoj;404;2000
Romenko;Przesław;403;2000
Wienke;Joachim;402;2000
Milczonek;Romuald;401;2000
Wachsner;Lubomierz;400;2000
Labud;Ryszard;399;2000
Zadroźniak;Micheasz;398;2000
Moczkier;Łucjusz;397;2000
Issa;Kasper;396;2000
Bestian;Renat;395;2000
Sztangert;Dariusz;394;2000
Gizdziejewski;Zbysław;393;2000
Górczakowska;Sławosz;392;2000
Pikól;Włodziwoj;391;2000
Komła;Domicjan;390;2000
Przonaj;Cieszyrad;389;2000
Partaszkiewicz;Kondrat;388;2000
Baliko;Godzisz;387;2000
Cołek;Boromeusz;386;2000
Patenko;Barnabasz;385;2000
Getkowicz;Kornel;384;2000
Bielceka;Lutomysł;383;2000
Smulczyński;Asenat;382;2000
Zabówka;Alfred;381;2000
Szajko;Gorzysław;380;2000
Butow;Ageusz;379;2000
Zelisko;Florentyn;378;2000
Kossko;Leonid;377;2000
Kejnik;Beniamin;376;2000
Cepiega;Torpet;375;2000
Grządzińska;Taras;374;2000
Meksuła;Pius;373;2000
Nakraszewska;Cezary;372;2000
Ronus;Medard;371;2000
Jobke;Jerzy;370;2000
Pleskowicz;Kleofas;369;2000
Ostep;Trzebowit;368;2000
Rozmawitti;Chryzostom;367;2000
Gołuszkiewicz;Delfin;366;2000
Szterling;Parys;365;2000
Lebiotowska;Czechoń;364;2000
Jadrych;Natalis;363;2000
Czerniawko;Pakosław;362;2000
Rzeszofarski;Gościsław;361;2000
Łazuchewicz;Paschalis;360;2000
Mamięcka;Wszebąd;359;2000
Golc;Sylwiusz;358;2000
Ciężkal;Saturnin;357;2000
Korowczyk;Diogenes;356;2000
Herring;Spirydion;355;2000
Grzywkowski;Leander;354;2000
Kallus;Petroniusz;353;2000
Hudowicz;Światozar;352;2000
Nitenberg;Jozafat;351;2000
Kurlepska;Protazy;350;2000
Blaurok;Wszebor;349;2000
Wiensek;Cezary;348;2000
Weleziński;Kasper;347;2000
Sercuń;Bożysław;346;2000
Früff;Lucjol;345;2000
Emanuiłow;Lechosław;344;2000
Nusialski;Zdzibor;343;2000
Henel;Samuel;342;2000
Fiedociuk;Wrzesław;341;2000
Bronglewicz;Edgar;340;2000
Swiędczak;Wenancjusz;339;2000
Żyszczewska;Nikanor;338;2000
Sczuć;Nawoj;337;2000
Holfajer;Euchariusz;336;2000
Litnicka;Filip;335;2000
Umsza;Tezeusz;334;2000
Boruś;Chociebor;333;2000
Hodur;Ludomił;332;2000
Rzempała;Zbysław;331;2000
Wanke;Miłorad;330;2000
Palynyczak;Ciechomir;329;2000
Trzeziński;Częstowoj;328;2000
Samotyka;Auksencjusz;327;2000
Tiena;Otomar;326;2000
Kliszniak;Dobiesław;325;2000
Zubenko;Longin;324;2000
Jadnachowska;Dzierżykraj;323;2000
Żegórski;Humbert;322;2000
Płachta;Kirył;321;2000
Dienwebel;Soter;320;2000
Zamarjan;Boromeusz;319;2000
Luczyk;Cierpisław;318;2000
Siergiejuk;Brykcjusz;317;2000
Chiońska;Sylwester;316;2000
Knapik;Amon;315;2000
Szpigun;Germanik;314;2000
Angerhöfer;Ezdrasz;313;2000
Śpiewa;Szwieciech;312;2000
Chaturzewska;Miron;311;2000
Nadełko;Dobromierz;310;2000
Iweń;Dobromir;309;2000
Rudułtowska;Uniewit;308;2000
Klaudek;Fortunat;307;2000
Herhorczak;Emanuel;306;2000
Bizot;Uniemysł;305;2000
Jusiel;Placyd;304;2000
Kulbasz;Natalis;303;2000
Efenberger;Nosisław;302;2000
Sałega;Pimen;301;2000
Domisch;Władymir;300;2000
Zbylut;Jonasz;299;2000
Koczdański;Wolfgang;298;2000
Małesza;Remigiusz;297;2000
Porschke;Wilibald;296;2000
Horbowiec;Efrem;295;2000
Soley;Apoloniusz;294;2000
Jamoł;Abdiasz;293;2000
Perfun;Konradyn;292;2000
Czostkiewicz;Albert;291;2000
Zawasiński;Siemirad;290;2000
Radieś;Konstantyn;289;2000
Grabilska;Biernat;288;2000
Brange;Barnabasz;287;2000
Buczarski;Agaton;286;2000
Koźbiel;Wiktoryn;285;2000
Nadgrabski;Niegosław;284;2000
Legiec;Renat;283;2000
Lerchenstein;Romeo;282;2000
Karłubek;Chrystian;281;2000
Pantelej;Lucjol;280;2000
Mardeja;Benon;279;2000
Jastrębowska;Brykcjusz;278;2000
Erazmuz;Ezechiel;277;2000
Szeleznik;Niedamir;276;2000
Baber;Apoloniusz;275;2000
Trzaskot;Anicet;274;2000
Podajny;Libert;273;2000
Hegedisz;Klement;272;2000
Zamanek;Gerhard;271;2000
Facalusiak;Zdzisław;270;2000
Kalau;Demetriusz;269;2000
Rytz;Przemił;268;2000
Goszcz;Wróciwoj;267;2000
Boehmel;Zdobysław;266;2000
Anyperowicz;Jazon;265;2000
Barczyca;Zbylut;264;2000
Kiniasz;Klemens;263;2000
Kaszczyniec;Hegezyp;262;2000
Kożdub;Lew;261;2000
Wzietek;Faust;260;2000
Rydzy;Aureliusz;259;2000
Lasienko;Teodozjusz;258;2000
Spaleniec;Klaudian;257;2000
Maruniewicz;Tymoteusz;256;2000
Dźweńka;Wirgiliusz;255;2000
Mamczyński;Albert;254;2000
Froner;Wszemir;253;2000
Fercyk vel Ferc;Natalis;252;2000
Złomański;Sykstus;251;2000
Krzonkalla;Ludomił;250;2000
Kejza;Antonin;249;2000
Bubisz;Czcibor;248;2000
Kissoń;Więcerad;247;2000
Goyk;Hygin;246;2000
Ciuchciński;Bartłomiej;245;2000
Kalala;Kandyd;244;2000
Miechoniecka;Kalistrat;243;2000
Bischaff;Bean;242;2000
Czisz;Salwin;241;2000
Nachman vel Nachmanowicz;Horacy;240;2000
Lamarska;Floryn;239;2000
Ilków;Albaniusz;238;2000
Licimiński;Bogusz;237;2000
Woźniewicz;Demetriusz;236;2000
Prowidieniec;Łukasz;235;2000
Wosch;Alojzy;234;2000
Jasień;Nehemiasz;233;2000
Połtysik;Adrian;232;2000
Misanik;Heliasz;231;2000
Dałomis;Ulryk;230;2000
Kolaśnik;Kondrad;229;2000
Sochujko;Włościsław;228;2000
Śliwianka;Manfred;227;2000
Ciotuszyński;Herkulan;226;2000
Augarten;Więcesław;225;2000
Błachoniec;Werner;224;2000
Grodzki;Kurt;223;2000
Ziołański;Miligost;222;2000
Żorowski;Witalian;221;2000
Chwiłoc-Fiłoc;Salwator;220;2000
Żegacz;Nahum;219;2000
Cięciera;Przedpełk;218;2000
Friemann;Dolores;217;2000
Paczulla;Jozue;216;2000
Solner;Skarbimierz;215;2000
Suszki;Cieszysław;214;2000
Połatek;Lucjol;213;2000
Kłaja;Nemezjusz;212;2000
Sztukiewicz;Władymir;211;2000
Brejank;Augustyn;210;2000
Rapecki;Witold;209;2000
Ryczewo;Kajus;208;2000
Rodger;Strzeżymir;207;2000
Miedziński;Bogdan;206;2000
Chlan;Fides;205;2000
Pompołowicz;Gorgoncjusz;204;2000
Koeslin;Witołd;203;2000
Haertle;Eligiusz;202;2000
Elferd;Gaweł;201;2000
Wnykowski;Bogdan;200;2000
Ciozak;Świeciech;199;2000
Magdaleński;Budzimir;198;2000
Bogósiewicz;Juliusz;197;2000
Bziawa;Apoloniusz;196;2000
Ułomek;Polikarp;195;2000
Howijka;Radomysł;194;2000
Kitajczyk;Bazylis;193;2000
Tallat;Edgar;192;2000
Niedergesachs;Sobiesław;191;2000
Kuliszenko;Kalistrat;190;2000
Olców;Ferdynand;189;2000
Brunkeil;Cieszysław;188;2000
Hodkowski;Konstancjusz;187;2000
Zajło;Makary;186;2000
Lumperska;Niezamysł;185;2000
Perekidka;Trzebisław;184;2000
Orschel;Artemon;183;2000
Koról;Tomił;182;2000
Tułacz;Prochor;181;2000
Uscianowski;Delfin;180;2000
Koczfarska;Gaudencjusz;179;2000
Knajfel;Walter;178;2000
Relka;Jacław;177;2000
Praszczak-Tracz;Zbysław;176;2000
Małogodzki;Prochor;175;2000
Szymiczek;Ewald;174;2000
Bałbaczyński;Karol;173;2000
Nastrożny;Edward;172;2000
Oszymowski;Kajetan;171;2000
Zelaska;Lubomierz;170;2000
Orwaldi;Dobiemiest;169;2000
Wekłyk;Dolores;168;2000
Sciguła;Adaukt;167;2000
Ribba;Lesław;166;2000
Kondub;Ezechiel;165;2000
Grzywna;Miłowan;164;2000
Grzenowicz;Nieznamir;163;2000
Burała;Bogurad;162;2000
Soryczyński;Gedeon;161;2000
Łubis;Hadrian;160;2000
Kolaśny;Bożysław;159;2000
Dermacki;Arseniusz;158;2000
Pawlicz;Konstans;157;2000
Połkośnik;Mikołaj;156;2000
Rotmański;Pelagiusz;155;2000
Horosińska;Korneliusz;154;2000
Kemperman;Dragomir;153;2000
Szeible;Zenobiusz;152;2000
Srut;Metody;151;2000
Lobażewicz;Cecyliusz;150;2000
Pęcok;Uniewit;149;2000
Giedwojn;Salomon;148;2000
Adrjan;Izydor;147;2000
Wołkowicki;Damaris;146;2000
Hombre;Stosław;145;2000
Lassu;Gebhard;144;2000
Podębniak;Leoncjusz;143;2000
Stapka;Uriasz;142;2000
Pośpieszałowski;Prot;141;2000
Repieczko;Samuel;140;2000
Karczmar;Achilles;139;2000
Wentland;Ambroży;138;2000
Jurokajć;Borzymir;137;2000
Prietz;Bolebor;136;2000
Parubocza;Wojciech;135;2000
Żabiarek;Romuald;134;2000
Marucha;Bogusław;133;2000
Gręber;Szczęsny;132;2000
Połejko;Ambroży;131;2000
Karkułowski;Rajmund;130;2000
Skrząca;Konstans;129;2000
Steffko;Nadbor;128;2000
Roceń;Bronimir;127;2000
Pawelus;Dalebor;126;2000
Bartłomiejewska;Wasyl;125;2000
Irz;Trofim;124;2000
Szpień;Renat;123;2000
Szutkowicz;Radzisław;122;2000
Hrapek;Adrian;121;2000
Żyweniuk;Gerald;120;2000
Świerżańska;Floryn;119;2000
Steyczek;Donat;118;2000
Kejdel;Spycimir;117;2000
Chiberski;Antoni;116;2000
Iłyk;Mścisław;115;2000
Kudraszow;Siemiodrog;114;2000
Palaton;Pakosz;113;2000
Piotruszkiewicz;Henryk;112;2000
Hoehne;Teofil;111;2000
Chrościechowski;Herbert;110;2000
Zdańczuk;Batszeba;109;2000
Rigall;Walenty;108;2000
Halbik;Radzimierz;107;2000
Giebień;Egbert;106;2000
Rakowitsch;Niegomir;105;2000
Tyrczyk;Wojciech;104;2000
Pawelecz;Oswald;103;2000
Białobrowicz;Krzesisław;102;2000
Bertnik;Gerald;101;2000
Doepner;Bonawentura;100;2000
Mosakiewicz;Mścisław;99;2000
Martuła;Uriasz;98;2000
Gdacz;Ariel;97;2000
Kamlak;Kewin;96;2000
Synowski;Spycisław;95;2000
Kodis;Kain;94;2000
Pleiznerowska;Zbrosław;93;2000
Wójtanowska;Saul;92;2000
Buldoń;Marek;91;2000
Krantz;Kurt;90;2000
Achiron;Galezy;89;2000
Kaltschmidt;Lubomierz;88;2000
Ferlichowska;Zbylut;87;2000
Szybuń;Olaf;86;2000
Nowakoski;Jarosław;85;2000
Delebis;Dobrowój;84;2000
Pitoniak;Miromir;83;2000
Oczujda;German;82;2000
Strumiłło;Edmund;81;2000
Broukard;Erhard;80;2000
Krucziński;Wszemir;79;2000
Biersniew;Przemysław;78;2000
Cimicki;Sykstus;77;2000
Derlaciński;Sykstus;76;2000
Rojze;Samson;75;2000
Roduła;Kajetan;74;2000
Landowicz;Mansfet;73;2000
Szopski;Borzywoj;72;2000
Brozuk;Boleczest;71;2000
Piayda;Zbysław;70;2000
Nikitiuk;Dezydery;69;2000
Gietruszczyk;Auksencjusz;68;2000
Milt;Aureliusz;67;2000
Kolpi;Maur;66;2000
Garbaczowska;Radomir;65;2000
Stanisławicka;Benignus;64;2000
Omiljanowski;Emilian;63;2000
Sułata;Agaton;62;2000
Wyporna;Elizeusz;61;2000
Proburzański;Racisław;60;2000
Bohun;Domawit;59;2000
Krzywiniak;Wrócimir;58;2000
Kierkio;Platon;57;2000
Trzeciar;Amedeusz;56;2000
Niepokój;Sebald;55;2000
Habralski;Brodzisław;54;2000
Manowiec;Mścibor;53;2000
Frentkiewicz;Erhard;52;2000
Kempara;Juliusz;51;2000
Ziegelheim;Jędrzej;50;2000
Małgoschewicz;Herman;49;2000
Jacunik;Grzegorz;48;2000
Dobraszkiewicz;Eustachy;47;2000
Siuchmiński;Franciszek Salezy;46;2000
Sowizrał;Hygin;45;2000
Krzewic;Jurand;44;2000
Chołodkowski;Makary;43;2000
Cielobąk;Kondrad;42;2000
Zolnik;Kirył;41;2000
Spętany;Agaton;40;2000
Nowosiński;Erazm;39;2000
Hołowacienko;Gerhard;38;2000
Tykierka;Jan Kanty;37;2000
Lowczak;Mauryn;36;2000
Gwiżecki;Jazon;35;2000
Pieprznik;Pompejusz;34;2000
Gage;Natanael;33;2000
Eckmann;Oleg;32;2000
Tyszków;Alojzy;31;2000
Ochlast;Julian;30;2000
Sarda;Patrycjusz;29;2000
Szasik;Janisław;28;2000
Antypczuk;Dagobert;27;2000
Błażejak;Leopard;26;2000
Zagrabelny;Teodor;25;2000
Juraszka;Radzisław;24;2000
Stasitis;Arkady;23;2000
Janczy;Gabin;22;2000
Amrocka;Amedeusz;21;2000
Świgoda;Maksym;20;2000
Grzybowicka;Arnold;19;2000
Froissart;Gościmir;18;2000
Kazadi;Niegomir;17;2000
Biłowska;Odo;16;2000
Iliaszczenko;Cieszysław;15;2000
Hajduczek;Damian;14;2000
Mitlęga;Paschalis;13;2000
Ubda;Horacy;12;2000
Druch;Bożywoj;11;2000
Mielaniak;Gotfryd;10;2000
Trznadlewski;Masław;9;2000
Karzek;Sądomir;8;2000
Sobocian;Mojmir;7;2000
Uszpulowicz;Przemił;6;2000
Wywrzynowicz;Gorzysław;5;2000
Bordkiewicz;Oktawian;4;2000
Wieschbrodt;Ernest;3;2000
Cyskler;Wrócisław;2;2000
Bębnik;Borysław;1;2000
